Taylor Swift,33,Estados Unidos,Pop,Vocalista,S
The Weeknd,33,Canada,Pop,Vocalista,S
Jxdn,22,Estados Unidos,Pop,Vocalista,S
Jesse Rutherford,31,Estados Unidos,Indie,Vocalista,B
Selena Gomez,30,Estados Unidos,Pop,Vocalista,S
Nessa Barrett,20,Estados Unidos,Pop,Vocalista,S
Morten Harket,63,Noruega,Pop,Vocalista,B
Blackbear,32,EstadosUnidos,Pop,Vocalista,S
Dinho Ouro Preto,59,Brasil,Rock,Vocalista,B
Zé Ramalho,73,Brasil,Mpb,Vocalista,S
Alex Turner,37,Inglaterra,Indie,Vocalista,B
Ariana Grande,29,Estados Unidos,Pop,Vocalista,S
Post Malone,27,Estados Unidos,Rap,Vocalista,S
Bruno Mars,37,Estados Unidos,Pop,Vocalista,S
Rihanna,35,Barbados,Pop,Vocalista,S
Justin Bieber,29,Canada,Pop,Vocalista,S
Beyonce,41,Estados Unidos,Pop,Vocalista,S
Mike Shinoda,46,Estados Unidos,Rock,Tecladista,B
Adele,35,Inglaterra,Pop,Vocalista,S
Shakira,46,Colombia,Pop,Vocalista,S
Rosalia,30,Espanha,Pop,Vocalista,S
The Edge,61,Inglaterra,Rock,Guitarrista,B
Dave Gahan,61,Inglaterra,Eletronica,Vocalista,B
Harry Styles,29,Inglaterra,Pop,Vocalista,S
Camila Cabello,26,Cuba,Pop,Vocalista,S
Karol G,32,Colombia,Reggaeton,Vocalista,S
Bad Bunny,29,Porto Rico,Reggaeton,Vocalista,S
Demi Lovato,30,Estados Unidos,Pop,Vocalista,S
L7NNON,29,Brasil,Rap,Vocalista,S
Matue,29,Brasil,Rap,Vocalista,S
Filipe Ret,37,Brasil,Rap,Vocalista,S
Xamã,33,Brasil,Rap,Vocalista,S
Travis Scott,32,Estados Unidos,Rap,Vocalista,S
Lil Uzi Vert,27,Estados Unidos,Rap,Vocalista,S
Slash,58,Inglaterra,Rock,Guitarrista,B
Duff Mckagan,59,Estados Unidos,Rock,Baixista,B
Axl Rose,61,Estados Unidos,Rock,Vocalista,B
Brian May,75,Inglaterra,Rock,Guitarrista,B
Roger Taylor,73,Inglaterra,Rock,Baterista,B
John Deacon,71,Inglaterra,Rock,Baixista,B
Kiko Loureiro,51,Brasil,Metal,Guitarrista,B
Rafael Bittencourt,51,Brasil,Metal,Guitarrista,B
Aquiles Priester,52,África do Sul,Metal,Baterista,B
Felipe Andreoli,43,Brasil,Metal,Baixista,B
Simone Simons,38,Países Baixos,Metal,Vocalista,B
Mick Jagger,79,Inglaterra,Rock,Vocalista,B
Keith Richards,79,Inglaterra,Rock,Guitarrista,B
Matt Sorum,62,Estados Unidos,Rock,Baterista,B
Fabio Lione,49,Itália,Metal,Vocalista,B
Dizzy Reed,60,Estados Unidos,Rock,Tecladista,B
Renato Teixeira,78,Brasil,Sertanejo,Vocalista,S
Paula Fernandes,38,Brasil,Sertanejo,Vocalista,S
Almir Sater,66,Brasil,Sertanejo,Vocalista,S
Izzy Stradlin,61,Estados Unidos,Rock,Guitarrista,B
Ron Wood,76,Inglaterra,Rock,Guitarrista,B
Nicko McBrain,71,Inglaterra,Metal,Baterista,B
Kobi Fahri,47,Israel,Metal,Vocalista,B
Steve Harris,67,Inglaterra,Metal,Baixista,B
Dave Murray,66,Inglaterra,Metal,Guitarrista,B
David Ellefson,58,Estados Unidos,Metal,Baixista,B
Dirk Verbeuren,48,Bélgica,Metal,Baterista,B
Timo Kotipelto,54,Finlândia,Metal,Vocalista,B
Matias Kupiainen,40,Finlândia,Metal,Guitarrista,B
John Petrucci,56,Estados Unidos,Metal,Guitarrista,B
Coen Jansen,42,Países Baixos,Metal,Tecladista,B
Eric Singer,65,Estados Unidos,Rock,Baterista,B
Steven Tyler,75,Estados Unidos,Rock,Vocalista,B
Marcelo Barbosa,48,Brasi,Metal,Guitarrista,B
Caetano Veloso,79,Brasil,Mpb,Vocalista,S
Chico Buarque,77,Brasil,Mpb,Vocalista,S
Gilberto Gil,79,Brasil,Mpb,Vocalista,S
Ney Matogrosso,80,Brasil,Mpb,Vocalista,S
Maria Bethania,75,Brasil,Mpb,Vocalista,S
Paula Toller,60,Brasil,Mpb,Vocalista,B
Samuel Rosa,56,Brasil,Mpb,Vocalista,B
Jonny Buckland,45,Inglaterra,Pop,Guitarrista,B
Chris Martin,46,Inglaterra,Pop,Vocalista,B
João Barone,60,Brasil,Mpb,Baterista,B
Charles Gavin,62,Brasil,Mpb,Baterista,B
Nando Reis,60,Brasil,Mpb,Vocalista,S
Michel Telo,42,Brasil,Sertanejo,Vocalista,S
Gusttavo Lima,33,Brasil,Sertanejo,Vocalista,S
Gustavo Mioto,26,Brasil,Sertanejo,Vocalista,S
Roger Waters,79,Inglaterra,Rock,Vocalista,B
Adam Clayton,63,Inglaterra,Rock,Baixista,B
The Edge,61,Inglaterra,Rock,Guitarrista,B
Bono,63,Irlanda,Rock,Vocalista,B
Milton Nascimento,80,Brasil,Mpb,Vocalista,S
Roberto Carlos,82,Brasil,Mpb,Vocalista,S
Lulu Santos,70,Brasil,Mpb,Vocalista,S
Naiara Azevedo,33,Brasil,Sertanejo,Vocalista,S
Flavio Lemos,59,Brasil,Rock,Baixista,B
Pitty,45,Brasil,Rock,Vocalista,S
Rodrigo Amarante,46,Brasil,Mpb,Vocalista,B
Marcelo Camelo,45,Brasil,Mpb,Guitarrista,B
Marisa Monte,55,Brasil,Mpb,Vocalista,S
Billie Eilish,21,Estados Unidos,Pop,Vocalista,S
Melanie Martinez,28,Estados Unidos,Indie,Vocalista,S
Andy Bell,52,Inglaterra,Rock,Baixista,B
Gem Archer,56,Inglaterra,Rock,Guitarrista,B
Drake,36,Canada,Pop,Vocalista,S
Liam Gallagher,50,Inglaterra,Rock,Vocalista,B